algorithm,mean,max,min,median,mem,accuracy
Langid,0.0007014621929688887,0.048692941665649414,0.00024509429931640625,0.0006055831909179688,6.16 mb,0.9542727272727273
