algorithm,mean,max,min,median,mem,accuracy
Langid,0.000672786300832575,0.0065381526947021484,0.00022220611572265625,0.0005900859832763672,0.0 mb,0.9542727272727273
