algorithm,mean,max,min,median,mem,accuracy
Langid,0.00035783324458382346,0.010571956634521484,9.417533874511719e-05,0.00029778480529785156,6.16 mb,0.9542727272727273
