algorithm,mean,max,min,median,mem,accuracy
Fasttext_ftz,0.00014262864806435324,0.007467031478881836,2.09808349609375e-05,0.00010991096496582031,0.0 mb,0.9672727272727273
