algorithm,mean,max,min,median,mem,accuracy
Fasttext_bin,8.235880461606113e-05,0.005597829818725586,1.0013580322265625e-05,6.508827209472656e-05,0.0 mb,0.9751363636363637
